student_id,name,institution_type,department,semester,batch_year,age,region,family_income,family_size,electricity,internet_access,caste_category,family_education,distance_from_college,attendance_percentage,theory_marks,practical_marks_available,practical_marks,actual_risk_level
DTE1000,Student_1000,ITI_Rural,Automobile,1,2022,19,Rural,76868,10,Regular,No,SC,Primary,23,47,51,No,NA,High
DTE1001,Student_1001,ITI_Rural,Electronics,2,2024,21,Rural,51703,6,Regular,No,ST,Primary,34,43,46,No,NA,High
DTE1002,Student_1002,ITI_Rural,Electronics,3,2022,22,Urban,348461,3,Regular,Yes,SC,Graduate,8,77,66,No,NA,Low
DTE1003,Student_1003,ITI_Rural,Computer,1,2022,16,Rural,341277,4,Regular,Yes,OBC,Graduate,10,95,67,No,NA,Low
DTE1004,Student_1004,ITI_Rural,Electrical,5,2024,18,Rural,196001,6,Regular,Yes,General,Primary,12,65,45,No,NA,High
DTE1005,Student_1005,ITI_Rural,Mechanical,2,2024,20,Rural,170285,6,Irregular,No,ST,Secondary,37,68,53,No,NA,High
DTE1006,Student_1006,ITI_Rural,Electrical,2,2024,22,Rural,78743,6,Regular,Yes,SC,Primary,48,54,51,Yes,47,High
DTE1007,Student_1007,ITI_Rural,Mechanical,6,2024,16,Rural,289893,5,Regular,Yes,ST,Secondary,16,75,88,No,NA,Low
DTE1008,Student_1008,ITI_Rural,Computer,5,2022,16,Rural,484993,4,Regular,Yes,OBC,Graduate,18,75,84,No,NA,Low
DTE1009,Student_1009,ITI_Rural,Mechanical,1,2023,19,Rural,198729,5,Irregular,No,OBC,Secondary,18,61,50,No,NA,High
DTE1010,Student_1010,ITI_Rural,Electrical,3,2024,21,Urban,255461,5,Regular,Yes,SC,Higher_Secondary,18,89,68,Yes,62,Low
DTE1011,Student_1011,ITI_Rural,Computer,1,2024,18,Rural,480879,3,Regular,Yes,General,Higher_Secondary,4,91,72,Yes,75,Low
DTE1012,Student_1012,ITI_Rural,Electrical,5,2022,22,Rural,156708,6,Irregular,Yes,ST,Primary,13,61,55,No,NA,High
DTE1013,Student_1013,ITI_Rural,Mechanical,1,2023,20,Rural,250448,4,Regular,Yes,OBC,Higher_Secondary,7,83,79,Yes,62,Low
DTE1014,Student_1014,ITI_Rural,Civil,5,2022,15,Rural,157737,3,Regular,No,OBC,Secondary,15,90,80,Yes,72,Low
DTE1015,Student_1015,ITI_Rural,Mechanical,2,2023,15,Rural,388555,5,Regular,Yes,ST,Secondary,8,84,71,No,NA,Low
DTE1016,Student_1016,ITI_Rural,Electronics,6,2024,15,Rural,456277,6,Regular,Yes,OBC,Secondary,18,77,70,Yes,62,Low
DTE1017,Student_1017,ITI_Rural,Automobile,2,2023,16,Rural,453520,3,Regular,Yes,ST,Graduate,20,93,81,No,NA,Low
DTE1018,Student_1018,ITI_Rural,Computer,2,2024,20,Rural,128642,8,Irregular,Yes,ST,Secondary,46,43,37,No,NA,High
DTE1019,Student_1019,ITI_Rural,Electronics,3,2022,20,Urban,343738,5,Regular,Yes,SC,Graduate,18,75,86,No,NA,Low
DTE1020,Student_1020,ITI_Rural,Computer,6,2022,17,Urban,440048,4,Regular,Yes,OBC,Graduate,12,81,86,No,NA,Low
DTE1021,Student_1021,ITI_Rural,Computer,5,2023,19,Urban,198390,6,Regular,No,General,Secondary,12,79,85,No,NA,Low
DTE1022,Student_1022,ITI_Rural,Electrical,6,2023,21,Rural,228147,3,Regular,No,OBC,Higher_Secondary,6,76,74,No,NA,Low
DTE1023,Student_1023,ITI_Rural,Mechanical,3,2022,18,Rural,443540,6,Regular,No,OBC,Secondary,7,80,78,Yes,83,Low
DTE1024,Student_1024,ITI_Rural,Computer,4,2024,18,Rural,206673,6,Regular,No,ST,Secondary,8,89,76,No,NA,Low
DTE1025,Student_1025,ITI_Rural,Electrical,2,2022,18,Rural,186396,5,Regular,Yes,ST,Graduate,19,85,65,Yes,68,Low
DTE1026,Student_1026,ITI_Rural,Electrical,5,2023,15,Rural,132228,8,Regular,No,OBC,Primary,12,62,48,Yes,55,High
DTE1027,Student_1027,ITI_Rural,Electronics,6,2024,18,Rural,498251,5,Regular,Yes,General,Graduate,11,91,74,No,NA,Low
DTE1028,Student_1028,ITI_Rural,Computer,4,2024,19,Rural,498614,6,Regular,Yes,OBC,Graduate,20,84,77,No,NA,Low
DTE1029,Student_1029,ITI_Rural,Mechanical,3,2023,18,Rural,493254,5,Regular,Yes,ST,Graduate,8,91,80,No,NA,Low
DTE1030,Student_1030,ITI_Rural,Automobile,2,2024,16,Rural,474671,5,Regular,Yes,OBC,Graduate,11,82,90,Yes,60,Low
DTE1031,Student_1031,ITI_Rural,Mechanical,2,2023,16,Urban,451817,4,Regular,Yes,ST,Higher_Secondary,14,82,69,No,NA,Low
DTE1032,Student_1032,ITI_Rural,Mechanical,1,2023,18,Urban,185779,8,Irregular,No,General,Primary,39,61,51,No,NA,High
DTE1033,Student_1033,ITI_Rural,Electronics,3,2023,21,Rural,233444,6,Regular,Yes,OBC,Graduate,10,91,80,No,NA,Low
DTE1034,Student_1034,ITI_Rural,Computer,4,2022,19,Rural,191597,5,Irregular,No,OBC,Primary,36,53,45,No,NA,High
DTE1035,Student_1035,ITI_Rural,Civil,1,2022,21,Rural,160240,6,Regular,Yes,SC,Higher_Secondary,14,88,82,No,NA,Low
DTE1036,Student_1036,ITI_Rural,Electronics,5,2022,22,Rural,57608,8,Irregular,Yes,SC,Secondary,18,59,52,Yes,42,High
DTE1037,Student_1037,ITI_Rural,Electronics,5,2024,15,Rural,171031,6,Irregular,No,ST,Primary,34,48,59,No,NA,High
DTE1038,Student_1038,ITI_Rural,Civil,3,2022,22,Rural,141740,6,Regular,Yes,SC,Secondary,22,66,35,No,NA,High
DTE1039,Student_1039,ITI_Rural,Electrical,2,2023,16,Rural,284345,5,Regular,Yes,General,Secondary,11,78,83,Yes,69,Low
DTE1040,Student_1040,ITI_Rural,Electronics,6,2023,21,Rural,460429,4,Regular,Yes,SC,Graduate,5,93,90,Yes,77,Low
DTE1041,Student_1041,ITI_Rural,Civil,6,2023,16,Rural,370231,6,Regular,Yes,SC,Graduate,16,79,78,Yes,76,Low
DTE1042,Student_1042,ITI_Rural,Automobile,3,2024,22,Urban,460627,5,Regular,Yes,OBC,Secondary,10,89,72,No,NA,Low
DTE1043,Student_1043,ITI_Rural,Electronics,5,2024,21,Rural,320401,4,Regular,Yes,SC,Higher_Secondary,12,83,84,No,NA,Low
DTE1044,Student_1044,ITI_Rural,Computer,5,2022,18,Rural,178077,9,Regular,Yes,ST,Primary,11,42,44,Yes,52,High
DTE1045,Student_1045,ITI_Rural,Electrical,3,2024,20,Rural,373086,5,Regular,Yes,ST,Higher_Secondary,11,83,72,Yes,66,Low
DTE1046,Student_1046,ITI_Rural,Computer,1,2024,17,Rural,122482,10,Regular,Yes,SC,Secondary,28,47,46,Yes,30,High
DTE1047,Student_1047,ITI_Rural,Automobile,5,2022,19,Rural,126581,10,Regular,Yes,General,Primary,10,58,44,No,NA,High
DTE1048,Student_1048,ITI_Rural,Civil,3,2022,15,Urban,209814,3,Regular,Yes,General,Graduate,3,79,69,No,NA,Low
DTE1049,Student_1049,ITI_Rural,Computer,1,2022,16,Rural,462542,4,Regular,Yes,ST,Higher_Secondary,16,84,83,No,NA,Low
DTE1050,Student_1050,ITI_Rural,Computer,5,2024,15,Rural,258940,4,Regular,Yes,General,Secondary,9,80,82,Yes,60,Low
DTE1051,Student_1051,ITI_Rural,Civil,4,2024,22,Rural,298225,6,Regular,Yes,OBC,Higher_Secondary,20,81,78,Yes,67,Low
DTE1052,Student_1052,ITI_Rural,Automobile,2,2023,17,Rural,130638,9,Regular,No,SC,Primary,29,62,47,No,NA,High
DTE1053,Student_1053,ITI_Rural,Electronics,5,2023,22,Rural,163253,10,Irregular,No,OBC,Secondary,46,58,35,No,NA,High
DTE1054,Student_1054,ITI_Rural,Automobile,3,2024,15,Rural,422086,6,Regular,No,OBC,Graduate,15,95,80,No,NA,Low
DTE1055,Student_1055,ITI_Rural,Civil,3,2023,20,Rural,234318,5,Regular,Yes,ST,Higher_Secondary,14,92,66,No,NA,Low
DTE1056,Student_1056,ITI_Rural,Computer,3,2023,16,Rural,419796,3,Regular,Yes,ST,Higher_Secondary,3,81,81,No,NA,Low
DTE1057,Student_1057,ITI_Rural,Civil,6,2023,15,Rural,125505,8,Regular,No,OBC,Secondary,25,62,40,No,NA,High
DTE1058,Student_1058,ITI_Rural,Mechanical,5,2023,16,Urban,79743,8,Regular,Yes,OBC,Primary,27,53,50,No,NA,High
DTE1059,Student_1059,ITI_Rural,Electrical,4,2024,17,Urban,416464,4,Regular,No,SC,Higher_Secondary,12,91,73,No,NA,Low
DTE1060,Student_1060,ITI_Rural,Computer,6,2023,22,Rural,403934,5,Regular,Yes,ST,Higher_Secondary,12,81,87,Yes,72,Low
DTE1061,Student_1061,ITI_Rural,Electrical,4,2022,20,Rural,349874,6,Regular,No,OBC,Higher_Secondary,3,79,81,No,NA,Low
DTE1062,Student_1062,ITI_Rural,Computer,1,2023,16,Rural,225578,6,Regular,No,OBC,Secondary,17,83,75,No,NA,Low
DTE1063,Student_1063,ITI_Rural,Civil,6,2022,20,Urban,349234,5,Regular,Yes,ST,Graduate,3,94,67,Yes,81,Low
DTE1064,Student_1064,ITI_Rural,Computer,2,2024,16,Rural,482266,3,Regular,Yes,SC,Secondary,3,85,90,Yes,71,Low
DTE1065,Student_1065,ITI_Rural,Computer,4,2022,18,Rural,244401,4,Regular,Yes,ST,Graduate,9,90,83,Yes,74,Low
DTE1066,Student_1066,ITI_Rural,Automobile,3,2023,19,Urban,393926,5,Regular,Yes,OBC,Secondary,16,86,83,Yes,73,Low
DTE1067,Student_1067,ITI_Rural,Automobile,3,2023,19,Rural,176670,5,Irregular,No,OBC,Primary,35,48,35,No,NA,High
DTE1068,Student_1068,ITI_Rural,Automobile,6,2022,22,Urban,270648,5,Regular,Yes,OBC,Graduate,10,79,85,Yes,80,Low
DTE1069,Student_1069,ITI_Rural,Automobile,1,2023,22,Rural,84448,5,Regular,No,SC,Primary,44,68,46,No,NA,High
DTE1070,Student_1070,ITI_Rural,Computer,2,2023,22,Rural,327584,3,Regular,Yes,General,Secondary,9,87,90,No,NA,Low
DTE1071,Student_1071,ITI_Rural,Mechanical,4,2022,19,Rural,287448,6,Regular,No,SC,Secondary,9,90,65,No,NA,Low
DTE1072,Student_1072,ITI_Rural,Electronics,3,2024,18,Rural,393409,5,Regular,Yes,General,Secondary,3,76,74,No,NA,Low
DTE1073,Student_1073,ITI_Rural,Mechanical,1,2022,17,Rural,433216,6,Regular,Yes,OBC,Higher_Secondary,5,90,84,No,NA,Low
DTE1074,Student_1074,ITI_Rural,Computer,1,2024,20,Rural,111895,7,Irregular,Yes,OBC,Primary,35,48,41,No,NA,High
DTE1075,Student_1075,ITI_Rural,Civil,1,2024,18,Rural,161197,3,Regular,Yes,OBC,Secondary,20,81,67,No,NA,Low
DTE1076,Student_1076,ITI_Rural,Electronics,2,2024,18,Rural,227360,3,Regular,Yes,OBC,Secondary,19,83,90,Yes,81,Low
DTE1077,Student_1077,ITI_Rural,Mechanical,2,2022,20,Rural,319749,3,Regular,Yes,General,Secondary,15,91,68,No,NA,Low
DTE1078,Student_1078,ITI_Rural,Civil,4,2023,16,Rural,472493,3,Regular,Yes,SC,Higher_Secondary,2,76,80,No,NA,Low
DTE1079,Student_1079,ITI_Rural,Civil,6,2022,22,Rural,192357,5,Regular,Yes,General,Secondary,10,94,85,No,NA,Low
DTE1080,Student_1080,ITI_Rural,Automobile,3,2023,19,Rural,201998,3,Regular,No,OBC,Higher_Secondary,16,82,78,No,NA,Low
DTE1081,Student_1081,ITI_Rural,Civil,4,2023,16,Rural,283635,5,Regular,No,ST,Secondary,4,77,67,No,NA,Low
DTE1082,Student_1082,ITI_Rural,Automobile,6,2023,17,Rural,444433,5,Regular,Yes,ST,Higher_Secondary,15,76,74,No,NA,Low
DTE1083,Student_1083,ITI_Rural,Computer,1,2024,18,Rural,78368,7,Regular,No,General,Secondary,37,67,52,No,NA,High
DTE1084,Student_1084,ITI_Rural,Electronics,5,2024,15,Rural,290219,3,Regular,Yes,SC,Higher_Secondary,13,75,70,No,NA,Low
DTE1085,Student_1085,ITI_Rural,Electronics,6,2023,16,Rural,58036,5,Regular,No,ST,Primary,29,63,45,No,NA,High
DTE1086,Student_1086,ITI_Rural,Electronics,5,2022,15,Rural,63044,10,Irregular,No,OBC,Primary,27,46,59,No,NA,High
DTE1087,Student_1087,ITI_Rural,Computer,4,2022,19,Rural,426265,5,Regular,Yes,ST,Graduate,3,75,71,No,NA,Low
DTE1088,Student_1088,ITI_Rural,Electrical,2,2023,19,Rural,375787,4,Regular,Yes,OBC,Graduate,19,86,67,No,NA,Low
DTE1089,Student_1089,ITI_Rural,Automobile,1,2023,15,Rural,314133,6,Regular,Yes,ST,Higher_Secondary,5,87,65,No,NA,Low
DTE1090,Student_1090,ITI_Rural,Electrical,5,2023,20,Urban,113783,8,Regular,No,ST,Secondary,24,50,59,Yes,46,High
DTE1091,Student_1091,ITI_Rural,Automobile,1,2024,18,Rural,488398,4,Regular,Yes,OBC,Higher_Secondary,8,80,84,Yes,84,Low
DTE1092,Student_1092,ITI_Rural,Automobile,1,2022,22,Rural,453808,6,Regular,Yes,SC,Graduate,12,79,79,Yes,74,Low
DTE1093,Student_1093,ITI_Rural,Automobile,3,2023,15,Rural,392086,6,Regular,Yes,SC,Higher_Secondary,4,95,67,No,NA,Low
DTE1094,Student_1094,ITI_Rural,Electronics,4,2023,15,Urban,491750,4,Regular,Yes,ST,Graduate,6,76,79,Yes,70,Low
DTE1095,Student_1095,ITI_Rural,Automobile,1,2024,17,Rural,165191,9,Regular,No,ST,Primary,31,61,54,Yes,50,High
DTE1096,Student_1096,ITI_Rural,Automobile,3,2022,20,Rural,124487,7,Regular,Yes,General,Secondary,31,42,53,No,NA,High
DTE1097,Student_1097,ITI_Rural,Computer,3,2024,21,Rural,72208,7,Regular,Yes,SC,Secondary,43,42,55,No,NA,High
DTE1098,Student_1098,ITI_Rural,Electronics,3,2022,20,Urban,329166,6,Regular,Yes,OBC,Secondary,4,84,90,Yes,84,Low
DTE1099,Student_1099,ITI_Rural,Electronics,6,2024,15,Urban,474026,4,Regular,Yes,OBC,Secondary,7,94,90,No,NA,Low
DTE1100,Student_1100,ITI_Rural,Automobile,4,2022,21,Rural,382888,5,Regular,Yes,ST,Secondary,19,82,74,No,NA,Low
DTE1101,Student_1101,ITI_Rural,Civil,2,2023,22,Rural,350211,6,Regular,No,OBC,Graduate,6,83,66,No,NA,Low
DTE1102,Student_1102,ITI_Rural,Computer,5,2022,16,Rural,293021,6,Regular,No,OBC,Higher_Secondary,4,82,79,No,NA,Low
DTE1103,Student_1103,ITI_Rural,Mechanical,4,2022,21,Rural,192784,5,Regular,Yes,SC,Secondary,12,79,69,Yes,75,Low
DTE1104,Student_1104,ITI_Rural,Automobile,2,2024,22,Rural,191537,3,Regular,Yes,OBC,Graduate,18,88,68,No,NA,Low
DTE1105,Student_1105,ITI_Rural,Electrical,3,2022,15,Rural,169829,5,Irregular,Yes,SC,Secondary,46,47,57,Yes,43,High
DTE1106,Student_1106,ITI_Rural,Mechanical,5,2023,18,Rural,194886,5,Regular,Yes,General,Higher_Secondary,17,76,85,No,NA,Low
DTE1107,Student_1107,ITI_Rural,Computer,3,2024,15,Rural,276419,3,Regular,Yes,SC,Secondary,3,86,82,No,NA,Low
DTE1108,Student_1108,ITI_Rural,Automobile,2,2024,22,Rural,245566,4,Regular,Yes,ST,Secondary,11,81,66,No,NA,Low
DTE1109,Student_1109,ITI_Rural,Mechanical,3,2023,21,Rural,282809,3,Regular,Yes,OBC,Higher_Secondary,13,76,85,No,NA,Low
DTE1110,Student_1110,ITI_Rural,Mechanical,3,2023,21,Urban,352713,5,Regular,No,ST,Graduate,17,86,90,No,NA,Low
DTE1111,Student_1111,ITI_Rural,Mechanical,6,2023,16,Urban,244611,5,Regular,Yes,General,Higher_Secondary,11,84,79,No,NA,Low
DTE1112,Student_1112,ITI_Rural,Civil,2,2024,22,Rural,334842,6,Regular,Yes,General,Secondary,14,86,81,No,NA,Low
DTE1113,Student_1113,ITI_Rural,Automobile,2,2022,17,Rural,379728,3,Regular,Yes,OBC,Graduate,13,86,77,No,NA,Low
DTE1114,Student_1114,ITI_Rural,Mechanical,5,2022,22,Rural,190310,4,Regular,Yes,ST,Higher_Secondary,10,82,68,Yes,65,Low
DTE1115,Student_1115,ITI_Rural,Civil,5,2023,16,Rural,383975,4,Regular,No,SC,Graduate,17,81,68,Yes,62,Low
DTE1116,Student_1116,ITI_Rural,Civil,2,2024,22,Urban,317556,5,Regular,Yes,SC,Higher_Secondary,7,95,70,No,NA,Low
DTE1117,Student_1117,ITI_Rural,Electronics,2,2022,18,Rural,409009,3,Regular,Yes,SC,Higher_Secondary,19,79,84,No,NA,Low
DTE1118,Student_1118,ITI_Rural,Mechanical,3,2023,22,Rural,451413,3,Regular,Yes,SC,Graduate,4,89,79,No,NA,Low
DTE1119,Student_1119,ITI_Rural,Computer,2,2024,17,Rural,413645,3,Regular,No,OBC,Higher_Secondary,7,80,75,No,NA,Low
DTE1120,Student_1120,ITI_Rural,Electrical,3,2024,19,Rural,482952,5,Regular,Yes,SC,Graduate,19,77,81,No,NA,Low
DTE1121,Student_1121,ITI_Rural,Electronics,5,2022,17,Rural,467267,5,Regular,No,General,Secondary,4,76,85,No,NA,Low
DTE1122,Student_1122,ITI_Rural,Computer,6,2022,21,Rural,478814,5,Regular,Yes,SC,Higher_Secondary,9,87,74,No,NA,Low
DTE1123,Student_1123,ITI_Rural,Automobile,1,2022,22,Rural,328358,4,Regular,Yes,SC,Graduate,13,87,69,No,NA,Low
DTE1124,Student_1124,ITI_Rural,Electronics,5,2022,20,Rural,167858,6,Irregular,No,General,Secondary,36,47,40,No,NA,High
DTE1125,Student_1125,ITI_Rural,Electronics,6,2023,18,Rural,419864,6,Regular,Yes,SC,Higher_Secondary,2,77,77,No,NA,Low
DTE1126,Student_1126,ITI_Rural,Electrical,2,2024,20,Rural,173361,7,Regular,Yes,ST,Secondary,35,51,36,No,NA,High
DTE1127,Student_1127,ITI_Rural,Electronics,5,2022,20,Rural,414375,6,Regular,Yes,SC,Graduate,5,79,68,No,NA,Low
DTE1128,Student_1128,ITI_Rural,Computer,5,2023,17,Rural,181092,5,Irregular,No,ST,Secondary,19,59,51,Yes,49,High
DTE1129,Student_1129,ITI_Rural,Computer,2,2023,19,Rural,417236,6,Regular,Yes,SC,Higher_Secondary,2,86,75,No,NA,Low
DTE1130,Student_1130,ITI_Rural,Civil,5,2023,15,Rural,493718,4,Regular,Yes,ST,Secondary,18,95,88,No,NA,Low
DTE1131,Student_1131,ITI_Rural,Civil,2,2024,18,Urban,78808,6,Irregular,No,OBC,Primary,42,64,54,No,NA,High
DTE1132,Student_1132,ITI_Rural,Automobile,6,2022,17,Rural,497197,6,Regular,Yes,SC,Secondary,16,92,75,No,NA,Low
DTE1133,Student_1133,ITI_Rural,Automobile,6,2024,19,Rural,279247,5,Regular,Yes,OBC,Higher_Secondary,11,81,87,No,NA,Low
DTE1134,Student_1134,ITI_Rural,Computer,4,2023,19,Rural,434788,6,Regular,No,ST,Higher_Secondary,6,84,66,Yes,82,Low
DTE1135,Student_1135,ITI_Rural,Mechanical,3,2023,19,Rural,432369,5,Regular,No,SC,Secondary,5,94,88,No,NA,Low
DTE1136,Student_1136,ITI_Rural,Electrical,1,2024,18,Rural,366688,5,Regular,Yes,General,Graduate,6,75,82,No,NA,Low
DTE1137,Student_1137,ITI_Rural,Electrical,4,2024,22,Rural,300599,5,Regular,Yes,General,Secondary,20,82,82,No,NA,Low
DTE1138,Student_1138,ITI_Rural,Mechanical,2,2023,17,Rural,358139,6,Regular,Yes,SC,Secondary,2,84,83,No,NA,Low
DTE1139,Student_1139,ITI_Rural,Computer,3,2023,22,Rural,414352,6,Regular,Yes,General,Higher_Secondary,7,89,85,Yes,65,Low
DTE1140,Student_1140,ITI_Rural,Mechanical,6,2023,19,Rural,242009,6,Regular,No,SC,Secondary,14,78,70,No,NA,Low
DTE1141,Student_1141,ITI_Rural,Civil,3,2022,15,Rural,289981,5,Regular,Yes,General,Higher_Secondary,13,82,66,No,NA,Low
DTE1142,Student_1142,ITI_Rural,Civil,3,2022,21,Urban,313042,3,Regular,Yes,SC,Higher_Secondary,9,82,69,No,NA,Low
DTE1143,Student_1143,ITI_Rural,Civil,6,2024,20,Rural,396849,4,Regular,Yes,General,Graduate,16,91,87,No,NA,Low
DTE1144,Student_1144,ITI_Rural,Electronics,1,2022,18,Rural,322028,6,Regular,Yes,OBC,Graduate,20,90,67,No,NA,Low
DTE1145,Student_1145,ITI_Rural,Civil,1,2023,17,Rural,180270,6,Regular,Yes,SC,Graduate,2,87,73,No,NA,Low
DTE1146,Student_1146,ITI_Rural,Automobile,2,2024,16,Rural,66714,9,Regular,Yes,ST,Primary,36,45,59,Yes,50,High
DTE1147,Student_1147,ITI_Rural,Automobile,6,2023,20,Rural,347916,6,Regular,Yes,OBC,Graduate,13,78,70,No,NA,Low
DTE1148,Student_1148,ITI_Rural,Civil,5,2022,18,Rural,306428,6,Regular,Yes,ST,Graduate,14,82,72,No,NA,Low
DTE1149,Student_1149,ITI_Rural,Electrical,3,2022,16,Rural,54101,6,Irregular,No,OBC,Secondary,13,47,58,Yes,44,High
DTE1150,Student_1150,ITI_Urban,Electrical,5,2022,15,Rural,111384,10,Regular,No,General,Secondary,25,49,39,No,NA,High
DTE1151,Student_1151,ITI_Urban,Electronics,2,2023,19,Urban,460203,4,Regular,Yes,ST,Graduate,17,76,76,No,NA,Low
DTE1152,Student_1152,ITI_Urban,Automobile,4,2024,20,Urban,307227,6,Regular,Yes,ST,Secondary,9,84,87,Yes,74,Low
DTE1153,Student_1153,ITI_Urban,Mechanical,5,2023,21,Urban,277327,5,Regular,Yes,General,Higher_Secondary,13,77,82,No,NA,Low
DTE1154,Student_1154,ITI_Urban,Electrical,1,2023,21,Urban,188159,4,Regular,No,OBC,Higher_Secondary,8,85,74,No,NA,Low
DTE1155,Student_1155,ITI_Urban,Mechanical,2,2022,16,Rural,277188,4,Regular,Yes,OBC,Graduate,12,84,77,Yes,80,Low
DTE1156,Student_1156,ITI_Urban,Computer,3,2023,20,Urban,201699,6,Regular,Yes,SC,Secondary,13,85,78,Yes,67,Low
DTE1157,Student_1157,ITI_Urban,Automobile,2,2022,19,Urban,368931,5,Regular,Yes,SC,Secondary,14,93,72,Yes,80,Low
DTE1158,Student_1158,ITI_Urban,Automobile,3,2023,22,Urban,407213,6,Regular,Yes,SC,Secondary,6,92,80,Yes,77,Low
DTE1159,Student_1159,ITI_Urban,Automobile,1,2024,15,Urban,175435,3,Regular,Yes,OBC,Secondary,6,75,71,Yes,71,Low
DTE1160,Student_1160,ITI_Urban,Mechanical,5,2024,22,Urban,429032,6,Regular,Yes,SC,Graduate,11,75,81,No,NA,Low
DTE1161,Student_1161,ITI_Urban,Automobile,4,2022,16,Urban,276337,4,Regular,Yes,SC,Higher_Secondary,10,87,67,Yes,72,Low
DTE1162,Student_1162,ITI_Urban,Civil,5,2022,18,Rural,192266,3,Regular,Yes,ST,Higher_Secondary,19,90,66,Yes,82,Low
DTE1163,Student_1163,ITI_Urban,Electrical,1,2023,21,Urban,199997,3,Regular,Yes,ST,Higher_Secondary,3,77,86,No,NA,Low
DTE1164,Student_1164,ITI_Urban,Electronics,5,2024,15,Rural,158209,4,Regular,Yes,ST,Secondary,11,80,83,Yes,72,Low
DTE1165,Student_1165,ITI_Urban,Automobile,5,2023,21,Urban,191118,5,Regular,Yes,ST,Secondary,4,85,84,No,NA,Low
DTE1166,Student_1166,ITI_Urban,Electronics,4,2023,15,Rural,386218,6,Regular,Yes,ST,Higher_Secondary,7,93,86,Yes,84,Low
DTE1167,Student_1167,ITI_Urban,Electronics,3,2022,16,Urban,90442,10,Irregular,No,ST,Primary,27,43,39,Yes,43,High
DTE1168,Student_1168,ITI_Urban,Civil,5,2024,21,Urban,195285,5,Regular,Yes,General,Primary,36,52,59,Yes,47,High
DTE1169,Student_1169,ITI_Urban,Electrical,5,2024,17,Urban,290990,5,Regular,Yes,OBC,Secondary,7,88,73,Yes,75,Low
DTE1170,Student_1170,ITI_Urban,Mechanical,3,2023,18,Urban,473312,4,Regular,Yes,OBC,Higher_Secondary,2,87,75,No,NA,Low
DTE1171,Student_1171,ITI_Urban,Civil,3,2023,20,Rural,491330,4,Regular,Yes,OBC,Higher_Secondary,12,80,77,No,NA,Low
DTE1172,Student_1172,ITI_Urban,Computer,6,2024,22,Rural,320858,6,Regular,Yes,ST,Higher_Secondary,5,93,71,Yes,77,Low
DTE1173,Student_1173,ITI_Urban,Electrical,6,2024,15,Urban,259916,6,Regular,Yes,General,Higher_Secondary,17,79,85,Yes,68,Low
DTE1174,Student_1174,ITI_Urban,Automobile,2,2024,21,Urban,463489,6,Regular,Yes,ST,Graduate,3,86,87,No,NA,Low
DTE1175,Student_1175,ITI_Urban,Electronics,5,2024,16,Urban,143063,6,Regular,No,General,Secondary,35,70,59,Yes,55,High
DTE1176,Student_1176,ITI_Urban,Civil,1,2022,16,Urban,421999,4,Regular,Yes,ST,Higher_Secondary,20,91,69,Yes,60,Low
DTE1177,Student_1177,ITI_Urban,Civil,1,2023,21,Urban,224278,5,Regular,Yes,ST,Secondary,18,90,76,Yes,74,Low
DTE1178,Student_1178,ITI_Urban,Automobile,6,2023,20,Urban,80168,5,Regular,Yes,SC,Secondary,25,56,40,Yes,40,High
DTE1179,Student_1179,ITI_Urban,Electronics,4,2023,18,Urban,247720,6,Regular,Yes,OBC,Higher_Secondary,20,88,77,Yes,66,Low
DTE1180,Student_1180,ITI_Urban,Electrical,3,2024,16,Rural,431484,4,Regular,Yes,OBC,Higher_Secondary,5,83,86,No,NA,Low
DTE1181,Student_1181,ITI_Urban,Electronics,6,2023,21,Urban,332412,5,Regular,No,OBC,Graduate,11,94,83,Yes,64,Low
DTE1182,Student_1182,ITI_Urban,Computer,1,2022,19,Urban,87056,9,Irregular,No,ST,Primary,50,57,57,No,NA,High
DTE1183,Student_1183,ITI_Urban,Electrical,5,2022,22,Urban,386454,3,Regular,No,General,Higher_Secondary,6,81,77,No,NA,Low
DTE1184,Student_1184,ITI_Urban,Electronics,6,2023,21,Urban,382706,6,Regular,Yes,General,Secondary,11,76,73,Yes,69,Low
DTE1185,Student_1185,ITI_Urban,Electrical,4,2024,22,Urban,209877,5,Regular,Yes,SC,Graduate,3,89,82,Yes,73,Low
DTE1186,Student_1186,ITI_Urban,Mechanical,6,2024,18,Rural,385789,5,Regular,Yes,General,Higher_Secondary,5,82,71,No,NA,Low
DTE1187,Student_1187,ITI_Urban,Electronics,6,2023,21,Urban,258328,4,Regular,No,SC,Graduate,10,94,82,Yes,82,Low
DTE1188,Student_1188,ITI_Urban,Computer,3,2024,19,Urban,199925,4,Regular,No,ST,Secondary,10,95,69,No,NA,Low
DTE1189,Student_1189,ITI_Urban,Electrical,2,2022,20,Rural,355888,6,Regular,Yes,SC,Graduate,15,87,79,Yes,85,Low
DTE1190,Student_1190,ITI_Urban,Mechanical,4,2024,19,Rural,388391,6,Regular,Yes,General,Graduate,4,89,85,Yes,71,Low
DTE1191,Student_1191,ITI_Urban,Mechanical,5,2023,18,Rural,409373,5,Regular,Yes,SC,Higher_Secondary,19,93,69,Yes,75,Low
DTE1192,Student_1192,ITI_Urban,Computer,6,2022,15,Rural,170476,5,Irregular,Yes,SC,Secondary,37,46,57,No,NA,High
DTE1193,Student_1193,ITI_Urban,Automobile,3,2022,19,Urban,71606,7,Regular,Yes,OBC,Primary,24,53,55,Yes,33,High
DTE1194,Student_1194,ITI_Urban,Mechanical,2,2023,16,Urban,166671,5,Irregular,No,ST,Secondary,40,42,42,Yes,53,High
DTE1195,Student_1195,ITI_Urban,Mechanical,1,2023,20,Urban,219806,4,Regular,Yes,General,Graduate,7,89,76,No,NA,Low
DTE1196,Student_1196,ITI_Urban,Automobile,6,2022,21,Urban,263898,3,Regular,No,OBC,Secondary,20,87,76,No,NA,Low
DTE1197,Student_1197,ITI_Urban,Computer,2,2022,19,Urban,465096,5,Regular,Yes,General,Graduate,11,81,81,Yes,66,Low
DTE1198,Student_1198,ITI_Urban,Automobile,4,2023,15,Rural,275483,6,Regular,Yes,OBC,Higher_Secondary,4,91,65,No,NA,Low
DTE1199,Student_1199,ITI_Urban,Computer,2,2023,21,Urban,396947,3,Regular,Yes,General,Secondary,10,81,66,No,NA,Low
DTE1200,Student_1200,ITI_Urban,Civil,5,2023,21,Urban,485826,4,Regular,Yes,SC,Secondary,18,81,90,Yes,70,Low
DTE1201,Student_1201,ITI_Urban,Civil,5,2024,16,Urban,275114,3,Regular,Yes,ST,Secondary,16,94,84,Yes,81,Low
DTE1202,Student_1202,ITI_Urban,Automobile,6,2024,17,Rural,52975,6,Regular,No,OBC,Primary,33,44,58,No,NA,High
DTE1203,Student_1203,ITI_Urban,Computer,6,2022,15,Urban,424650,3,Regular,Yes,General,Higher_Secondary,16,91,76,Yes,78,Low
DTE1204,Student_1204,ITI_Urban,Electrical,3,2022,19,Rural,210468,4,Regular,Yes,General,Secondary,2,82,66,Yes,72,Low
DTE1205,Student_1205,ITI_Urban,Electrical,2,2022,21,Urban,317738,5,Regular,No,SC,Secondary,18,76,70,Yes,76,Low
DTE1206,Student_1206,ITI_Urban,Mechanical,4,2022,22,Rural,312895,5,Regular,Yes,ST,Secondary,13,81,74,Yes,69,Low
DTE1207,Student_1207,ITI_Urban,Automobile,5,2022,22,Rural,252457,4,Regular,Yes,ST,Secondary,9,92,76,Yes,82,Low
DTE1208,Student_1208,ITI_Urban,Mechanical,3,2022,21,Rural,204499,4,Regular,Yes,OBC,Higher_Secondary,17,76,69,No,NA,Low
DTE1209,Student_1209,ITI_Urban,Mechanical,1,2022,21,Urban,194513,3,Regular,Yes,ST,Secondary,20,93,66,Yes,64,Low
DTE1210,Student_1210,ITI_Urban,Electrical,3,2023,20,Urban,321049,5,Regular,Yes,OBC,Secondary,8,79,89,No,NA,Low
DTE1211,Student_1211,ITI_Urban,Mechanical,2,2022,17,Urban,213300,5,Regular,No,OBC,Higher_Secondary,11,89,73,No,NA,Low
DTE1212,Student_1212,ITI_Urban,Mechanical,2,2024,19,Urban,171144,4,Regular,No,SC,Secondary,4,82,76,Yes,61,Low
DTE1213,Student_1213,ITI_Urban,Automobile,3,2023,17,Urban,168541,9,Regular,No,SC,Primary,13,66,59,No,NA,High
DTE1214,Student_1214,ITI_Urban,Electrical,2,2023,20,Rural,194060,5,Regular,No,General,Secondary,4,81,85,Yes,64,Low
DTE1215,Student_1215,ITI_Urban,Mechanical,3,2022,15,Urban,450880,6,Regular,No,ST,Higher_Secondary,2,87,86,Yes,71,Low
DTE1216,Student_1216,ITI_Urban,Electrical,2,2023,19,Urban,471968,4,Regular,Yes,ST,Higher_Secondary,19,90,66,Yes,72,Low
DTE1217,Student_1217,ITI_Urban,Electrical,4,2022,18,Rural,160239,6,Regular,Yes,SC,Higher_Secondary,19,90,76,No,NA,Low
DTE1218,Student_1218,ITI_Urban,Electronics,3,2023,19,Urban,264829,3,Regular,No,SC,Secondary,17,91,76,No,NA,Low
DTE1219,Student_1219,ITI_Urban,Electrical,2,2022,18,Urban,179312,4,Regular,Yes,ST,Higher_Secondary,7,80,72,Yes,85,Low
DTE1220,Student_1220,ITI_Urban,Automobile,6,2023,15,Urban,447612,4,Regular,Yes,OBC,Higher_Secondary,19,84,70,Yes,62,Low
DTE1221,Student_1221,ITI_Urban,Mechanical,2,2024,18,Urban,136962,9,Irregular,No,General,Secondary,30,41,35,Yes,52,High
DTE1222,Student_1222,ITI_Urban,Electrical,1,2024,20,Urban,497151,6,Regular,Yes,SC,Higher_Secondary,12,79,70,No,NA,Low
DTE1223,Student_1223,ITI_Urban,Civil,6,2023,20,Rural,471760,5,Regular,Yes,OBC,Higher_Secondary,11,84,69,Yes,60,Low
DTE1224,Student_1224,ITI_Urban,Automobile,5,2023,15,Urban,470539,4,Regular,Yes,General,Higher_Secondary,6,85,88,Yes,71,Low
DTE1225,Student_1225,ITI_Urban,Computer,2,2024,16,Urban,326029,6,Regular,Yes,OBC,Secondary,4,86,73,No,NA,Low
DTE1226,Student_1226,ITI_Urban,Automobile,1,2022,21,Urban,237209,6,Regular,Yes,ST,Higher_Secondary,19,87,68,No,NA,Low
DTE1227,Student_1227,ITI_Urban,Electronics,6,2024,18,Urban,167517,5,Regular,Yes,SC,Secondary,4,85,70,No,NA,Low
DTE1228,Student_1228,ITI_Urban,Electrical,6,2022,16,Rural,403093,3,Regular,Yes,OBC,Graduate,15,80,66,Yes,66,Low
DTE1229,Student_1229,ITI_Urban,Electrical,4,2024,19,Urban,200287,3,Regular,Yes,ST,Secondary,3,86,65,Yes,69,Low
DTE1230,Student_1230,ITI_Urban,Automobile,6,2024,22,Urban,239565,5,Regular,No,ST,Secondary,11,87,80,Yes,81,Low
DTE1231,Student_1231,ITI_Urban,Computer,1,2024,21,Rural,343672,4,Regular,Yes,SC,Higher_Secondary,16,83,72,No,NA,Low
DTE1232,Student_1232,ITI_Urban,Electronics,1,2022,16,Urban,191937,8,Regular,No,ST,Secondary,36,70,52,Yes,45,High
DTE1233,Student_1233,ITI_Urban,Electronics,2,2023,19,Rural,59103,9,Regular,No,OBC,Primary,38,45,40,No,NA,High
DTE1234,Student_1234,ITI_Urban,Electrical,2,2022,21,Urban,102931,10,Irregular,No,OBC,Secondary,14,42,47,Yes,47,High
DTE1235,Student_1235,ITI_Urban,Computer,3,2024,22,Urban,476661,6,Regular,Yes,OBC,Secondary,20,93,83,No,NA,Low
DTE1236,Student_1236,ITI_Urban,Mechanical,1,2024,16,Rural,330286,6,Regular,Yes,ST,Graduate,17,76,70,Yes,64,Low
DTE1237,Student_1237,ITI_Urban,Electronics,5,2024,21,Rural,136899,10,Irregular,Yes,General,Secondary,11,50,60,Yes,38,High
DTE1238,Student_1238,ITI_Urban,Civil,6,2024,16,Urban,307538,6,Regular,Yes,SC,Higher_Secondary,15,94,85,Yes,74,Low
DTE1239,Student_1239,ITI_Urban,Electrical,4,2024,22,Rural,179468,4,Regular,Yes,ST,Secondary,18,93,65,Yes,66,Low
DTE1240,Student_1240,ITI_Urban,Mechanical,2,2022,22,Urban,102195,7,Irregular,No,SC,Secondary,25,51,50,Yes,35,High
DTE1241,Student_1241,ITI_Urban,Civil,5,2024,20,Rural,285612,3,Regular,Yes,ST,Secondary,7,93,89,No,NA,Low
DTE1242,Student_1242,ITI_Urban,Electrical,6,2022,18,Urban,160513,3,Regular,Yes,OBC,Graduate,7,94,90,Yes,68,Low
DTE1243,Student_1243,ITI_Urban,Electronics,3,2024,19,Urban,332824,6,Regular,Yes,ST,Higher_Secondary,18,94,77,Yes,60,Low
DTE1244,Student_1244,ITI_Urban,Electronics,6,2023,19,Urban,183469,5,Regular,No,SC,Higher_Secondary,10,95,87,No,NA,Low
DTE1245,Student_1245,ITI_Urban,Automobile,3,2022,17,Urban,179766,6,Regular,Yes,OBC,Graduate,2,95,80,No,NA,Low
DTE1246,Student_1246,ITI_Urban,Computer,4,2023,21,Urban,449914,4,Regular,Yes,OBC,Graduate,19,95,90,Yes,81,Low
DTE1247,Student_1247,ITI_Urban,Computer,5,2023,17,Rural,244967,5,Regular,Yes,OBC,Graduate,10,92,89,No,NA,Low
DTE1248,Student_1248,ITI_Urban,Automobile,3,2024,16,Urban,311001,6,Regular,Yes,SC,Higher_Secondary,10,93,74,Yes,63,Low
DTE1249,Student_1249,ITI_Urban,Civil,1,2024,16,Urban,212818,6,Regular,Yes,ST,Secondary,6,79,71,Yes,78,Low
DTE1250,Student_1250,Polytechnic_Rural,Civil,2,2023,17,Rural,480842,4,Regular,Yes,General,Secondary,16,83,71,No,NA,Low
DTE1251,Student_1251,Polytechnic_Rural,Electrical,5,2022,22,Rural,217845,6,Regular,Yes,ST,Higher_Secondary,17,87,65,Yes,66,Low
DTE1252,Student_1252,Polytechnic_Rural,Automobile,3,2022,20,Rural,159393,3,Regular,Yes,OBC,Secondary,13,84,69,Yes,76,Low
DTE1253,Student_1253,Polytechnic_Rural,Electronics,3,2022,16,Rural,302477,6,Regular,Yes,SC,Higher_Secondary,6,85,80,Yes,66,Low
DTE1254,Student_1254,Polytechnic_Rural,Electrical,4,2022,18,Urban,260724,3,Regular,Yes,OBC,Secondary,13,95,90,Yes,80,Low
DTE1255,Student_1255,Polytechnic_Rural,Computer,5,2024,15,Rural,206682,3,Regular,Yes,General,Higher_Secondary,16,87,68,No,NA,Low
DTE1256,Student_1256,Polytechnic_Rural,Civil,6,2022,18,Rural,307871,6,Regular,Yes,SC,Graduate,6,88,68,No,NA,Low
DTE1257,Student_1257,Polytechnic_Rural,Electronics,1,2023,16,Rural,469292,4,Regular,Yes,OBC,Higher_Secondary,15,84,70,Yes,75,Low
DTE1258,Student_1258,Polytechnic_Rural,Electrical,6,2023,20,Rural,196663,3,Regular,No,ST,Secondary,4,91,67,No,NA,Low
DTE1259,Student_1259,Polytechnic_Rural,Mechanical,3,2024,18,Urban,288477,6,Regular,Yes,OBC,Secondary,11,86,90,No,NA,Low
DTE1260,Student_1260,Polytechnic_Rural,Civil,6,2022,16,Urban,155071,4,Regular,Yes,OBC,Higher_Secondary,13,89,84,Yes,83,Low
DTE1261,Student_1261,Polytechnic_Rural,Mechanical,3,2023,17,Rural,169678,7,Regular,Yes,ST,Secondary,20,43,39,No,NA,High
DTE1262,Student_1262,Polytechnic_Rural,Mechanical,2,2022,21,Rural,448290,6,Regular,Yes,ST,Higher_Secondary,2,79,80,No,NA,Low
DTE1263,Student_1263,Polytechnic_Rural,Mechanical,4,2023,15,Rural,53240,10,Regular,No,General,Secondary,24,70,56,No,NA,High
DTE1264,Student_1264,Polytechnic_Rural,Electronics,5,2024,16,Rural,402669,5,Regular,Yes,ST,Secondary,19,94,66,Yes,65,Low
DTE1265,Student_1265,Polytechnic_Rural,Electronics,4,2023,17,Rural,113148,7,Regular,No,OBC,Primary,25,42,49,Yes,48,High
DTE1266,Student_1266,Polytechnic_Rural,Civil,1,2023,22,Urban,492555,3,Regular,Yes,ST,Secondary,19,92,65,No,NA,Low
DTE1267,Student_1267,Polytechnic_Rural,Electronics,5,2024,19,Rural,493196,6,Regular,No,SC,Secondary,9,89,75,No,NA,Low
DTE1268,Student_1268,Polytechnic_Rural,Electronics,5,2023,20,Rural,495458,4,Regular,Yes,SC,Graduate,11,92,81,Yes,63,Low
DTE1269,Student_1269,Polytechnic_Rural,Mechanical,2,2023,17,Rural,364544,3,Regular,Yes,OBC,Secondary,5,87,71,Yes,85,Low
DTE1270,Student_1270,Polytechnic_Rural,Electrical,6,2023,16,Rural,482000,3,Regular,Yes,ST,Higher_Secondary,20,91,69,No,NA,Low
DTE1271,Student_1271,Polytechnic_Rural,Mechanical,5,2024,15,Rural,456771,6,Regular,No,OBC,Graduate,20,80,88,No,NA,Low
DTE1272,Student_1272,Polytechnic_Rural,Mechanical,4,2024,20,Rural,469288,4,Regular,Yes,SC,Higher_Secondary,16,79,69,Yes,82,Low
DTE1273,Student_1273,Polytechnic_Rural,Automobile,5,2023,20,Urban,481655,4,Regular,Yes,SC,Graduate,13,79,87,No,NA,Low
DTE1274,Student_1274,Polytechnic_Rural,Electrical,5,2024,20,Rural,444796,6,Regular,Yes,ST,Graduate,19,84,78,No,NA,Low
DTE1275,Student_1275,Polytechnic_Rural,Electronics,1,2022,21,Rural,102403,7,Regular,No,ST,Primary,13,62,60,Yes,54,High
DTE1276,Student_1276,Polytechnic_Rural,Electronics,1,2023,22,Urban,197294,6,Regular,No,OBC,Primary,13,69,47,Yes,55,High
DTE1277,Student_1277,Polytechnic_Rural,Automobile,3,2024,15,Rural,166146,6,Regular,Yes,OBC,Secondary,48,46,59,No,NA,High
DTE1278,Student_1278,Polytechnic_Rural,Electrical,3,2023,17,Rural,241118,3,Regular,Yes,ST,Higher_Secondary,19,83,69,Yes,68,Low
DTE1279,Student_1279,Polytechnic_Rural,Mechanical,3,2023,17,Urban,63331,10,Regular,Yes,OBC,Secondary,14,65,57,Yes,37,High
DTE1280,Student_1280,Polytechnic_Rural,Electrical,5,2022,17,Rural,198205,5,Regular,Yes,OBC,Graduate,12,85,76,Yes,84,Low
DTE1281,Student_1281,Polytechnic_Rural,Electronics,5,2023,15,Rural,113005,10,Regular,Yes,General,Secondary,30,52,60,No,NA,High
DTE1282,Student_1282,Polytechnic_Rural,Civil,3,2024,19,Rural,148293,9,Regular,No,OBC,Primary,42,42,38,Yes,54,High
DTE1283,Student_1283,Polytechnic_Rural,Electronics,5,2022,16,Rural,261765,6,Regular,No,OBC,Graduate,15,95,67,No,NA,Low
DTE1284,Student_1284,Polytechnic_Rural,Electrical,1,2023,20,Rural,96659,7,Regular,No,ST,Primary,38,60,47,Yes,30,High
DTE1285,Student_1285,Polytechnic_Rural,Civil,6,2022,15,Rural,457027,3,Regular,Yes,General,Higher_Secondary,18,78,74,No,NA,Low
DTE1286,Student_1286,Polytechnic_Rural,Computer,5,2022,19,Rural,357153,3,Regular,Yes,OBC,Secondary,14,92,74,No,NA,Low
DTE1287,Student_1287,Polytechnic_Rural,Electrical,3,2024,20,Rural,441016,4,Regular,Yes,General,Graduate,14,92,82,No,NA,Low
DTE1288,Student_1288,Polytechnic_Rural,Computer,2,2024,20,Urban,418725,4,Regular,Yes,OBC,Graduate,10,81,68,Yes,85,Low
DTE1289,Student_1289,Polytechnic_Rural,Electronics,1,2024,22,Rural,185317,5,Regular,Yes,ST,Higher_Secondary,13,79,86,No,NA,Low
DTE1290,Student_1290,Polytechnic_Rural,Mechanical,3,2024,16,Rural,386268,5,Regular,Yes,SC,Graduate,20,79,83,No,NA,Low
DTE1291,Student_1291,Polytechnic_Rural,Computer,4,2022,15,Rural,485983,6,Regular,Yes,SC,Secondary,12,90,79,Yes,84,Low
DTE1292,Student_1292,Polytechnic_Rural,Computer,4,2024,16,Rural,123561,6,Regular,No,General,Secondary,14,68,35,No,NA,High
DTE1293,Student_1293,Polytechnic_Rural,Automobile,1,2024,21,Rural,169218,5,Regular,Yes,ST,Graduate,6,86,77,Yes,84,Low
DTE1294,Student_1294,Polytechnic_Rural,Electronics,6,2023,17,Rural,358029,5,Regular,Yes,OBC,Graduate,7,91,69,Yes,65,Low
DTE1295,Student_1295,Polytechnic_Rural,Electronics,5,2024,17,Rural,338112,3,Regular,Yes,ST,Secondary,4,83,76,Yes,81,Low
DTE1296,Student_1296,Polytechnic_Rural,Electrical,5,2023,21,Rural,174346,3,Regular,No,SC,Secondary,18,95,73,No,NA,Low
DTE1297,Student_1297,Polytechnic_Rural,Computer,5,2024,17,Rural,458112,3,Regular,Yes,ST,Secondary,18,87,76,No,NA,Low
DTE1298,Student_1298,Polytechnic_Rural,Computer,4,2023,15,Rural,236825,4,Regular,Yes,SC,Secondary,6,80,70,Yes,82,Low
DTE1299,Student_1299,Polytechnic_Rural,Mechanical,6,2022,21,Rural,402453,6,Regular,Yes,OBC,Graduate,15,75,72,Yes,78,Low
DTE1300,Student_1300,Polytechnic_Rural,Electronics,2,2022,15,Rural,237210,5,Regular,No,ST,Graduate,20,95,65,No,NA,Low
DTE1301,Student_1301,Polytechnic_Rural,Automobile,6,2023,16,Rural,397156,6,Regular,Yes,ST,Graduate,6,93,89,Yes,81,Low
DTE1302,Student_1302,Polytechnic_Rural,Electronics,3,2022,20,Rural,186093,4,Regular,Yes,OBC,Secondary,2,81,81,No,NA,Low
DTE1303,Student_1303,Polytechnic_Rural,Electronics,6,2023,17,Rural,472305,3,Regular,No,General,Secondary,17,79,84,No,NA,Low
DTE1304,Student_1304,Polytechnic_Rural,Mechanical,6,2024,21,Rural,172774,6,Regular,Yes,ST,Higher_Secondary,13,93,90,No,NA,Low
DTE1305,Student_1305,Polytechnic_Rural,Automobile,5,2022,21,Rural,110951,5,Irregular,Yes,SC,Primary,10,58,51,Yes,30,High
DTE1306,Student_1306,Polytechnic_Rural,Civil,6,2022,20,Rural,373384,5,Regular,Yes,ST,Graduate,13,94,73,No,NA,Low
DTE1307,Student_1307,Polytechnic_Rural,Civil,2,2023,22,Rural,176814,7,Regular,No,General,Primary,18,67,56,Yes,37,High
DTE1308,Student_1308,Polytechnic_Rural,Civil,6,2022,16,Rural,327438,3,Regular,Yes,General,Secondary,6,90,84,Yes,62,Low
DTE1309,Student_1309,Polytechnic_Rural,Computer,2,2023,16,Rural,360053,5,Regular,Yes,General,Secondary,17,89,65,Yes,81,Low
DTE1310,Student_1310,Polytechnic_Rural,Electronics,3,2022,15,Rural,271462,4,Regular,Yes,SC,Secondary,2,80,67,No,NA,Low
DTE1311,Student_1311,Polytechnic_Rural,Civil,3,2024,21,Rural,158056,3,Regular,No,SC,Graduate,19,93,76,Yes,68,Low
DTE1312,Student_1312,Polytechnic_Rural,Electrical,5,2022,22,Rural,286895,4,Regular,Yes,General,Graduate,4,91,74,Yes,63,Low
DTE1313,Student_1313,Polytechnic_Rural,Electronics,3,2024,19,Urban,445262,6,Regular,Yes,SC,Higher_Secondary,16,93,65,Yes,68,Low
DTE1314,Student_1314,Polytechnic_Rural,Mechanical,4,2024,18,Rural,315533,6,Regular,No,General,Graduate,10,82,74,Yes,81,Low
DTE1315,Student_1315,Polytechnic_Rural,Automobile,3,2022,17,Rural,450790,5,Regular,Yes,OBC,Higher_Secondary,8,82,88,Yes,68,Low
DTE1316,Student_1316,Polytechnic_Rural,Electrical,2,2022,18,Rural,205935,3,Regular,No,ST,Graduate,2,92,66,No,NA,Low
DTE1317,Student_1317,Polytechnic_Rural,Computer,5,2023,22,Urban,451213,5,Regular,Yes,SC,Higher_Secondary,9,93,69,Yes,85,Low
DTE1318,Student_1318,Polytechnic_Rural,Civil,4,2024,15,Rural,241645,6,Regular,No,ST,Higher_Secondary,2,75,86,Yes,78,Low
DTE1319,Student_1319,Polytechnic_Rural,Mechanical,3,2023,19,Rural,120623,8,Regular,No,ST,Primary,33,51,47,Yes,35,High
DTE1320,Student_1320,Polytechnic_Rural,Electronics,2,2024,18,Rural,273629,6,Regular,No,OBC,Secondary,6,90,90,Yes,73,Low
DTE1321,Student_1321,Polytechnic_Rural,Civil,2,2024,20,Rural,444722,3,Regular,Yes,OBC,Secondary,8,83,80,No,NA,Low
DTE1322,Student_1322,Polytechnic_Rural,Mechanical,4,2024,20,Rural,442286,5,Regular,Yes,ST,Secondary,13,94,71,No,NA,Low
DTE1323,Student_1323,Polytechnic_Rural,Automobile,6,2024,17,Rural,320440,6,Regular,Yes,ST,Secondary,14,94,74,Yes,64,Low
DTE1324,Student_1324,Polytechnic_Rural,Electrical,6,2023,21,Rural,187404,3,Regular,Yes,OBC,Higher_Secondary,12,95,74,No,NA,Low
DTE1325,Student_1325,Polytechnic_Rural,Electronics,6,2023,19,Rural,340402,6,Regular,Yes,OBC,Secondary,6,82,86,Yes,83,Low
DTE1326,Student_1326,Polytechnic_Rural,Automobile,6,2022,18,Rural,66722,8,Regular,No,SC,Primary,49,44,37,No,NA,High
DTE1327,Student_1327,Polytechnic_Rural,Civil,3,2022,18,Rural,216276,4,Regular,Yes,OBC,Secondary,3,86,75,No,NA,Low
DTE1328,Student_1328,Polytechnic_Rural,Civil,5,2023,22,Urban,191371,6,Regular,No,General,Secondary,37,56,55,No,NA,High
DTE1329,Student_1329,Polytechnic_Rural,Computer,3,2023,18,Rural,341775,6,Regular,Yes,SC,Secondary,2,91,89,No,NA,Low
DTE1330,Student_1330,Polytechnic_Rural,Computer,3,2023,15,Rural,400120,5,Regular,Yes,ST,Higher_Secondary,9,75,82,Yes,73,Low
DTE1331,Student_1331,Polytechnic_Rural,Electronics,4,2023,18,Rural,152163,8,Irregular,No,OBC,Secondary,49,65,57,No,NA,High
DTE1332,Student_1332,Polytechnic_Rural,Computer,6,2024,19,Urban,245633,4,Regular,Yes,ST,Graduate,16,83,87,No,NA,Low
DTE1333,Student_1333,Polytechnic_Rural,Electrical,3,2022,17,Rural,98742,5,Irregular,No,SC,Primary,19,40,50,Yes,43,High
DTE1334,Student_1334,Polytechnic_Rural,Computer,4,2023,22,Rural,192060,4,Regular,Yes,ST,Secondary,19,90,70,Yes,68,Low
DTE1335,Student_1335,Polytechnic_Rural,Civil,1,2022,18,Urban,279584,3,Regular,Yes,General,Graduate,8,90,77,No,NA,Low
DTE1336,Student_1336,Polytechnic_Rural,Computer,3,2022,15,Rural,214037,5,Regular,Yes,SC,Secondary,13,76,86,Yes,63,Low
DTE1337,Student_1337,Polytechnic_Rural,Electrical,6,2023,20,Rural,81365,8,Regular,No,OBC,Primary,48,44,46,No,NA,High
DTE1338,Student_1338,Polytechnic_Rural,Electrical,2,2023,16,Rural,477749,3,Regular,Yes,OBC,Graduate,19,78,69,Yes,70,Low
DTE1339,Student_1339,Polytechnic_Rural,Electronics,6,2023,22,Rural,348059,5,Regular,Yes,SC,Secondary,17,89,82,Yes,82,Low
DTE1340,Student_1340,Polytechnic_Rural,Civil,2,2024,17,Rural,395573,5,Regular,No,OBC,Secondary,18,79,79,Yes,68,Low
DTE1341,Student_1341,Polytechnic_Rural,Electronics,3,2023,15,Rural,247273,3,Regular,Yes,SC,Graduate,9,85,88,Yes,77,Low
DTE1342,Student_1342,Polytechnic_Rural,Civil,2,2024,22,Rural,298441,5,Regular,Yes,SC,Secondary,5,91,86,Yes,64,Low
DTE1343,Student_1343,Polytechnic_Rural,Electrical,1,2022,16,Rural,449374,6,Regular,Yes,SC,Secondary,13,82,84,No,NA,Low
DTE1344,Student_1344,Polytechnic_Rural,Mechanical,2,2024,22,Urban,395397,3,Regular,Yes,ST,Higher_Secondary,3,94,73,No,NA,Low
DTE1345,Student_1345,Polytechnic_Rural,Automobile,1,2023,16,Urban,200918,3,Regular,Yes,ST,Secondary,8,91,86,Yes,80,Low
DTE1346,Student_1346,Polytechnic_Rural,Electrical,5,2024,21,Rural,452285,5,Regular,Yes,ST,Secondary,7,80,82,Yes,70,Low
DTE1347,Student_1347,Polytechnic_Rural,Automobile,2,2024,22,Urban,438401,5,Regular,No,ST,Graduate,15,85,84,Yes,77,Low
DTE1348,Student_1348,Polytechnic_Rural,Electrical,4,2024,19,Rural,358189,3,Regular,Yes,SC,Graduate,2,91,69,No,NA,Low
DTE1349,Student_1349,Polytechnic_Rural,Computer,1,2023,18,Rural,294681,4,Regular,Yes,ST,Higher_Secondary,6,79,73,Yes,78,Low
DTE1350,Student_1350,Polytechnic_Urban,Electrical,2,2023,19,Urban,106999,10,Irregular,No,ST,Secondary,46,66,38,Yes,39,High
DTE1351,Student_1351,Polytechnic_Urban,Mechanical,6,2024,21,Urban,137658,7,Regular,No,General,Primary,24,63,55,Yes,30,High
DTE1352,Student_1352,Polytechnic_Urban,Automobile,6,2023,15,Urban,433078,4,Regular,Yes,OBC,Secondary,3,87,79,Yes,78,Low
DTE1353,Student_1353,Polytechnic_Urban,Electronics,1,2022,21,Urban,219305,5,Regular,Yes,General,Graduate,14,83,67,Yes,73,Low
DTE1354,Student_1354,Polytechnic_Urban,Automobile,2,2022,22,Urban,491966,4,Regular,Yes,OBC,Secondary,4,83,89,Yes,81,Low
DTE1355,Student_1355,Polytechnic_Urban,Electronics,1,2022,21,Urban,318159,5,Regular,Yes,General,Higher_Secondary,7,86,84,Yes,85,Low
DTE1356,Student_1356,Polytechnic_Urban,Civil,5,2022,22,Rural,102346,10,Irregular,Yes,General,Primary,13,47,54,No,NA,High
DTE1357,Student_1357,Polytechnic_Urban,Computer,1,2023,16,Urban,323998,4,Regular,Yes,OBC,Secondary,19,91,89,Yes,75,Low
DTE1358,Student_1358,Polytechnic_Urban,Electronics,6,2022,15,Rural,426194,3,Regular,Yes,General,Higher_Secondary,8,94,73,Yes,80,Low
DTE1359,Student_1359,Polytechnic_Urban,Mechanical,1,2023,19,Rural,338858,3,Regular,Yes,ST,Secondary,14,91,87,Yes,70,Low
DTE1360,Student_1360,Polytechnic_Urban,Civil,5,2024,16,Urban,390116,3,Regular,Yes,SC,Higher_Secondary,17,87,88,Yes,71,Low
DTE1361,Student_1361,Polytechnic_Urban,Automobile,3,2023,19,Rural,412800,5,Regular,No,SC,Higher_Secondary,2,92,73,Yes,70,Low
DTE1362,Student_1362,Polytechnic_Urban,Civil,6,2022,16,Urban,471099,4,Regular,Yes,OBC,Higher_Secondary,11,94,75,Yes,64,Low
DTE1363,Student_1363,Polytechnic_Urban,Electrical,6,2022,18,Urban,424624,4,Regular,Yes,OBC,Graduate,20,80,75,Yes,77,Low
DTE1364,Student_1364,Polytechnic_Urban,Automobile,1,2022,20,Urban,165457,5,Regular,No,ST,Higher_Secondary,11,89,88,No,NA,Low
DTE1365,Student_1365,Polytechnic_Urban,Automobile,6,2023,17,Urban,246860,3,Regular,Yes,SC,Graduate,20,94,72,Yes,67,Low
DTE1366,Student_1366,Polytechnic_Urban,Automobile,1,2023,16,Urban,413362,6,Regular,Yes,SC,Secondary,14,90,80,Yes,66,Low
DTE1367,Student_1367,Polytechnic_Urban,Electrical,1,2023,15,Rural,266682,4,Regular,Yes,General,Secondary,16,94,80,Yes,74,Low
DTE1368,Student_1368,Polytechnic_Urban,Electrical,4,2023,15,Rural,314048,6,Regular,Yes,General,Graduate,5,89,79,Yes,61,Low
DTE1369,Student_1369,Polytechnic_Urban,Electrical,5,2024,21,Urban,353108,3,Regular,Yes,ST,Higher_Secondary,11,84,79,Yes,69,Low
DTE1370,Student_1370,Polytechnic_Urban,Electronics,1,2024,17,Urban,197417,3,Regular,Yes,OBC,Higher_Secondary,15,85,79,Yes,74,Low
DTE1371,Student_1371,Polytechnic_Urban,Electronics,6,2022,22,Urban,92990,10,Regular,No,General,Secondary,15,56,57,Yes,55,High
DTE1372,Student_1372,Polytechnic_Urban,Electronics,5,2022,21,Urban,239592,5,Regular,Yes,OBC,Secondary,6,80,89,Yes,73,Low
DTE1373,Student_1373,Polytechnic_Urban,Computer,3,2024,22,Urban,218981,4,Regular,Yes,SC,Secondary,16,90,80,Yes,60,Low
DTE1374,Student_1374,Polytechnic_Urban,Electronics,4,2022,18,Urban,365037,6,Regular,Yes,General,Secondary,19,83,84,Yes,66,Low
DTE1375,Student_1375,Polytechnic_Urban,Mechanical,2,2022,15,Urban,167003,5,Regular,Yes,General,Secondary,5,88,70,Yes,69,Low
DTE1376,Student_1376,Polytechnic_Urban,Electronics,6,2024,17,Rural,338842,3,Regular,Yes,SC,Higher_Secondary,13,87,67,Yes,77,Low
DTE1377,Student_1377,Polytechnic_Urban,Mechanical,3,2023,17,Rural,322600,6,Regular,Yes,OBC,Graduate,3,78,83,Yes,80,Low
DTE1378,Student_1378,Polytechnic_Urban,Electronics,1,2023,19,Rural,286136,5,Regular,No,ST,Graduate,17,90,90,Yes,79,Low
DTE1379,Student_1379,Polytechnic_Urban,Electrical,6,2023,18,Urban,80913,10,Regular,Yes,General,Primary,31,51,52,Yes,36,High
DTE1380,Student_1380,Polytechnic_Urban,Mechanical,6,2022,19,Urban,307435,5,Regular,Yes,General,Graduate,12,85,77,Yes,79,Low
DTE1381,Student_1381,Polytechnic_Urban,Mechanical,2,2022,20,Rural,401190,6,Regular,Yes,OBC,Higher_Secondary,6,95,79,Yes,77,Low
DTE1382,Student_1382,Polytechnic_Urban,Computer,4,2023,15,Urban,315414,3,Regular,Yes,SC,Higher_Secondary,4,79,73,Yes,70,Low
DTE1383,Student_1383,Polytechnic_Urban,Civil,6,2024,17,Urban,462051,3,Regular,No,SC,Graduate,12,76,73,Yes,75,Low
DTE1384,Student_1384,Polytechnic_Urban,Electrical,3,2023,19,Urban,208841,5,Regular,Yes,OBC,Secondary,16,91,65,Yes,76,Low
DTE1385,Student_1385,Polytechnic_Urban,Electrical,2,2023,22,Urban,321619,4,Regular,Yes,General,Graduate,6,81,88,Yes,72,Low
DTE1386,Student_1386,Polytechnic_Urban,Automobile,5,2022,15,Urban,461577,3,Regular,Yes,General,Secondary,18,84,65,Yes,69,Low
DTE1387,Student_1387,Polytechnic_Urban,Automobile,2,2023,18,Urban,317326,6,Regular,Yes,SC,Secondary,7,83,68,Yes,79,Low
DTE1388,Student_1388,Polytechnic_Urban,Electronics,5,2022,18,Urban,292109,4,Regular,No,SC,Graduate,9,80,67,Yes,70,Low
DTE1389,Student_1389,Polytechnic_Urban,Electronics,4,2022,17,Rural,63226,5,Irregular,No,OBC,Secondary,47,60,57,Yes,49,High
DTE1390,Student_1390,Polytechnic_Urban,Computer,3,2023,18,Urban,429699,3,Regular,No,ST,Graduate,6,77,90,No,NA,Low
DTE1391,Student_1391,Polytechnic_Urban,Civil,1,2023,19,Rural,394001,6,Regular,Yes,OBC,Secondary,10,86,77,Yes,81,Low
DTE1392,Student_1392,Polytechnic_Urban,Computer,3,2023,22,Urban,142128,8,Regular,No,General,Secondary,18,56,38,Yes,52,High
DTE1393,Student_1393,Polytechnic_Urban,Mechanical,3,2024,16,Urban,360143,6,Regular,Yes,OBC,Graduate,7,90,77,Yes,66,Low
DTE1394,Student_1394,Polytechnic_Urban,Automobile,5,2023,21,Urban,273812,4,Regular,Yes,General,Graduate,20,90,68,Yes,74,Low
DTE1395,Student_1395,Polytechnic_Urban,Computer,5,2022,22,Rural,186494,3,Regular,Yes,ST,Higher_Secondary,17,95,86,Yes,66,Low
DTE1396,Student_1396,Polytechnic_Urban,Electrical,5,2024,15,Urban,387489,5,Regular,Yes,ST,Secondary,8,85,74,Yes,81,Low
DTE1397,Student_1397,Polytechnic_Urban,Computer,4,2024,20,Urban,470597,6,Regular,No,SC,Secondary,13,92,66,Yes,77,Low
DTE1398,Student_1398,Polytechnic_Urban,Computer,1,2023,15,Rural,356710,5,Regular,Yes,ST,Higher_Secondary,15,92,71,Yes,75,Low
DTE1399,Student_1399,Polytechnic_Urban,Electrical,2,2024,21,Urban,368751,4,Regular,Yes,OBC,Secondary,2,77,85,Yes,83,Low
DTE1400,Student_1400,Polytechnic_Urban,Civil,6,2023,17,Urban,159014,8,Regular,Yes,General,Secondary,39,56,48,Yes,44,High
DTE1401,Student_1401,Polytechnic_Urban,Civil,3,2022,17,Urban,411177,4,Regular,Yes,SC,Higher_Secondary,19,93,76,Yes,61,Low
DTE1402,Student_1402,Polytechnic_Urban,Electronics,4,2024,20,Urban,70988,6,Regular,No,General,Secondary,27,54,51,Yes,49,High
DTE1403,Student_1403,Polytechnic_Urban,Mechanical,2,2023,16,Urban,453892,5,Regular,Yes,SC,Graduate,2,90,79,Yes,75,Low
DTE1404,Student_1404,Polytechnic_Urban,Electronics,6,2023,21,Rural,304464,5,Regular,Yes,SC,Graduate,20,83,66,Yes,78,Low
DTE1405,Student_1405,Polytechnic_Urban,Electrical,5,2022,19,Urban,300374,6,Regular,Yes,General,Higher_Secondary,10,79,84,Yes,68,Low
DTE1406,Student_1406,Polytechnic_Urban,Mechanical,6,2022,17,Rural,495587,6,Regular,Yes,OBC,Higher_Secondary,9,90,70,Yes,61,Low
DTE1407,Student_1407,Polytechnic_Urban,Computer,1,2022,17,Rural,366503,6,Regular,Yes,ST,Graduate,7,81,83,Yes,71,Low
DTE1408,Student_1408,Polytechnic_Urban,Mechanical,6,2023,16,Urban,174841,7,Regular,Yes,General,Primary,34,55,43,Yes,43,High
DTE1409,Student_1409,Polytechnic_Urban,Mechanical,3,2023,21,Rural,171505,3,Regular,No,SC,Higher_Secondary,10,85,73,Yes,63,Low
DTE1410,Student_1410,Polytechnic_Urban,Computer,6,2024,21,Urban,276771,4,Regular,Yes,OBC,Higher_Secondary,19,75,86,Yes,62,Low
DTE1411,Student_1411,Polytechnic_Urban,Mechanical,4,2022,16,Urban,298529,5,Regular,Yes,General,Graduate,4,76,84,Yes,66,Low
DTE1412,Student_1412,Polytechnic_Urban,Electronics,6,2022,16,Urban,148555,10,Regular,Yes,General,Primary,17,62,40,Yes,44,High
DTE1413,Student_1413,Polytechnic_Urban,Automobile,1,2024,22,Urban,373862,5,Regular,Yes,General,Higher_Secondary,3,87,77,Yes,61,Low
DTE1414,Student_1414,Polytechnic_Urban,Computer,3,2022,22,Rural,102604,9,Irregular,Yes,OBC,Secondary,23,59,55,Yes,44,High
DTE1415,Student_1415,Polytechnic_Urban,Automobile,3,2022,15,Urban,115692,8,Irregular,No,SC,Secondary,34,48,39,Yes,42,High
DTE1416,Student_1416,Polytechnic_Urban,Electronics,1,2024,22,Urban,186752,4,Regular,Yes,ST,Secondary,20,92,76,Yes,69,Low
DTE1417,Student_1417,Polytechnic_Urban,Civil,1,2024,16,Rural,328290,3,Regular,No,SC,Graduate,8,80,82,Yes,72,Low
DTE1418,Student_1418,Polytechnic_Urban,Automobile,2,2023,21,Urban,338356,6,Regular,Yes,ST,Graduate,8,79,66,Yes,83,Low
DTE1419,Student_1419,Polytechnic_Urban,Electronics,2,2023,21,Urban,130669,8,Regular,Yes,SC,Primary,13,50,60,Yes,42,High
DTE1420,Student_1420,Polytechnic_Urban,Mechanical,2,2024,22,Rural,431312,4,Regular,Yes,OBC,Secondary,3,79,80,Yes,75,Low
DTE1421,Student_1421,Polytechnic_Urban,Electronics,1,2022,17,Urban,130566,5,Regular,No,SC,Primary,48,65,54,Yes,55,High
DTE1422,Student_1422,Polytechnic_Urban,Electrical,4,2023,21,Rural,451972,4,Regular,Yes,OBC,Secondary,20,80,75,Yes,68,Low
DTE1423,Student_1423,Polytechnic_Urban,Electrical,4,2022,20,Urban,455128,3,Regular,Yes,ST,Secondary,2,90,67,Yes,65,Low
DTE1424,Student_1424,Polytechnic_Urban,Mechanical,6,2024,19,Rural,399567,4,Regular,Yes,SC,Graduate,16,88,72,No,NA,Low
DTE1425,Student_1425,Polytechnic_Urban,Electronics,6,2022,17,Urban,196148,5,Regular,Yes,General,Graduate,9,81,68,No,NA,Low
DTE1426,Student_1426,Polytechnic_Urban,Mechanical,5,2023,18,Urban,259108,5,Regular,Yes,General,Secondary,17,90,70,Yes,61,Low
DTE1427,Student_1427,Polytechnic_Urban,Mechanical,6,2023,19,Urban,473390,6,Regular,Yes,General,Graduate,7,80,90,Yes,76,Low
DTE1428,Student_1428,Polytechnic_Urban,Mechanical,1,2022,22,Urban,254202,5,Regular,Yes,General,Higher_Secondary,9,78,72,Yes,66,Low
DTE1429,Student_1429,Polytechnic_Urban,Civil,2,2022,22,Urban,378518,4,Regular,Yes,ST,Secondary,14,86,69,Yes,66,Low
DTE1430,Student_1430,Engineering_Govt,Automobile,3,2023,18,Urban,448144,3,Regular,Yes,General,Higher_Secondary,16,88,70,Yes,67,Low
DTE1431,Student_1431,Engineering_Govt,Computer,5,2022,17,Urban,270430,3,Regular,Yes,ST,Secondary,20,90,79,Yes,83,Low
DTE1432,Student_1432,Engineering_Govt,Civil,6,2022,18,Urban,460258,4,Regular,No,General,Higher_Secondary,3,76,80,Yes,76,Low
DTE1433,Student_1433,Engineering_Govt,Mechanical,4,2024,21,Rural,201379,6,Regular,Yes,General,Graduate,2,88,71,Yes,69,Low
DTE1434,Student_1434,Engineering_Govt,Electrical,6,2022,15,Urban,390796,3,Regular,No,ST,Secondary,14,80,90,Yes,80,Low
DTE1435,Student_1435,Engineering_Govt,Civil,6,2024,15,Urban,324538,3,Regular,Yes,SC,Graduate,19,93,90,Yes,81,Low
DTE1436,Student_1436,Engineering_Govt,Mechanical,5,2023,15,Rural,340835,3,Regular,Yes,SC,Higher_Secondary,3,86,76,Yes,77,Low
DTE1437,Student_1437,Engineering_Govt,Automobile,1,2024,18,Urban,432923,3,Regular,Yes,OBC,Graduate,9,85,76,Yes,76,Low
DTE1438,Student_1438,Engineering_Govt,Automobile,4,2023,15,Urban,177461,9,Regular,No,General,Secondary,44,68,44,Yes,41,High
DTE1439,Student_1439,Engineering_Govt,Automobile,6,2022,18,Urban,192032,6,Regular,No,SC,Secondary,5,80,73,Yes,64,Low
DTE1440,Student_1440,Engineering_Govt,Civil,2,2022,15,Rural,433867,4,Regular,Yes,ST,Higher_Secondary,2,84,71,Yes,85,Low
DTE1441,Student_1441,Engineering_Govt,Electrical,5,2024,20,Urban,488716,5,Regular,Yes,ST,Higher_Secondary,11,93,69,Yes,69,Low
DTE1442,Student_1442,Engineering_Govt,Electrical,3,2022,22,Urban,174808,4,Regular,Yes,ST,Secondary,7,92,74,Yes,65,Low
DTE1443,Student_1443,Engineering_Govt,Automobile,6,2024,17,Urban,316003,4,Regular,Yes,SC,Secondary,8,92,87,Yes,70,Low
DTE1444,Student_1444,Engineering_Govt,Computer,2,2023,22,Urban,308104,3,Regular,No,ST,Higher_Secondary,6,89,75,Yes,83,Low
DTE1445,Student_1445,Engineering_Govt,Electronics,5,2023,19,Urban,450798,4,Regular,Yes,ST,Higher_Secondary,5,90,66,Yes,77,Low
DTE1446,Student_1446,Engineering_Govt,Mechanical,3,2022,21,Urban,337377,3,Regular,Yes,OBC,Graduate,18,82,90,Yes,68,Low
DTE1447,Student_1447,Engineering_Govt,Electrical,1,2022,22,Rural,418324,6,Regular,Yes,SC,Graduate,18,76,86,Yes,64,Low
DTE1448,Student_1448,Engineering_Govt,Automobile,4,2023,21,Urban,334211,5,Regular,No,General,Secondary,16,88,90,Yes,65,Low
DTE1449,Student_1449,Engineering_Govt,Automobile,4,2024,21,Urban,195129,4,Regular,Yes,ST,Graduate,12,77,83,Yes,62,Low
DTE1450,Student_1450,Engineering_Govt,Mechanical,4,2024,19,Urban,447751,4,Regular,Yes,ST,Higher_Secondary,19,90,66,Yes,69,Low
DTE1451,Student_1451,Engineering_Govt,Electronics,3,2023,22,Rural,230752,5,Regular,Yes,ST,Secondary,11,88,70,Yes,82,Low
DTE1452,Student_1452,Engineering_Govt,Automobile,2,2022,16,Urban,184983,5,Regular,Yes,ST,Higher_Secondary,17,78,76,Yes,78,Low
DTE1453,Student_1453,Engineering_Govt,Mechanical,3,2022,15,Urban,221039,5,Regular,Yes,SC,Higher_Secondary,15,95,76,Yes,69,Low
DTE1454,Student_1454,Engineering_Govt,Electronics,6,2022,18,Urban,199549,4,Regular,Yes,SC,Graduate,11,83,86,Yes,71,Low
DTE1455,Student_1455,Engineering_Govt,Mechanical,5,2024,20,Urban,421670,5,Regular,Yes,ST,Higher_Secondary,12,80,68,Yes,76,Low
DTE1456,Student_1456,Engineering_Govt,Electrical,2,2024,16,Rural,211113,4,Regular,No,ST,Higher_Secondary,11,86,69,Yes,79,Low
DTE1457,Student_1457,Engineering_Govt,Electronics,3,2022,19,Rural,108289,6,Regular,No,SC,Primary,15,53,57,Yes,33,High
DTE1458,Student_1458,Engineering_Govt,Mechanical,1,2023,21,Urban,184605,9,Irregular,No,SC,Primary,10,64,38,Yes,49,High
DTE1459,Student_1459,Engineering_Govt,Electrical,5,2022,17,Urban,226313,5,Regular,No,SC,Higher_Secondary,7,91,89,Yes,67,Low
DTE1460,Student_1460,Engineering_Govt,Electronics,5,2022,16,Rural,427263,4,Regular,Yes,SC,Secondary,19,75,88,Yes,66,Low
DTE1461,Student_1461,Engineering_Govt,Electronics,6,2023,20,Urban,206268,4,Regular,No,ST,Higher_Secondary,8,91,72,Yes,84,Low
DTE1462,Student_1462,Engineering_Govt,Computer,1,2023,16,Urban,339399,5,Regular,Yes,General,Secondary,12,90,68,Yes,74,Low
DTE1463,Student_1463,Engineering_Govt,Electronics,6,2023,22,Urban,374375,4,Regular,No,ST,Graduate,13,80,65,No,NA,Low
DTE1464,Student_1464,Engineering_Govt,Civil,6,2022,21,Urban,194567,3,Regular,Yes,ST,Graduate,20,78,88,Yes,65,Low
DTE1465,Student_1465,Engineering_Govt,Mechanical,3,2022,20,Rural,361963,3,Regular,Yes,ST,Graduate,17,83,89,Yes,78,Low
DTE1466,Student_1466,Engineering_Govt,Electronics,3,2024,21,Urban,362044,6,Regular,Yes,OBC,Higher_Secondary,5,78,73,Yes,67,Low
DTE1467,Student_1467,Engineering_Govt,Automobile,2,2022,16,Rural,411166,3,Regular,No,ST,Graduate,12,79,74,Yes,63,Low
DTE1468,Student_1468,Engineering_Govt,Mechanical,6,2024,22,Urban,497127,6,Regular,Yes,SC,Graduate,12,92,82,Yes,84,Low
DTE1469,Student_1469,Engineering_Govt,Mechanical,4,2022,21,Rural,382026,6,Regular,Yes,OBC,Graduate,11,80,80,Yes,69,Low
DTE1470,Student_1470,Engineering_Govt,Automobile,4,2023,16,Urban,440342,6,Regular,Yes,OBC,Graduate,3,87,73,Yes,72,Low
DTE1471,Student_1471,Engineering_Govt,Electronics,6,2023,19,Urban,173655,4,Regular,No,SC,Graduate,20,75,89,Yes,70,Low
DTE1472,Student_1472,Engineering_Govt,Civil,1,2023,20,Urban,179595,4,Regular,Yes,SC,Graduate,4,77,74,Yes,65,Low
DTE1473,Student_1473,Engineering_Govt,Mechanical,5,2023,15,Rural,447821,6,Regular,Yes,ST,Graduate,2,85,77,Yes,70,Low
DTE1474,Student_1474,Engineering_Govt,Electronics,1,2023,16,Urban,410430,5,Regular,Yes,SC,Higher_Secondary,15,81,80,Yes,85,Low
DTE1475,Student_1475,Engineering_Govt,Mechanical,5,2022,19,Urban,450690,6,Regular,No,General,Graduate,20,78,83,Yes,62,Low
DTE1476,Student_1476,Engineering_Govt,Electronics,5,2023,21,Rural,491592,5,Regular,Yes,SC,Higher_Secondary,19,85,71,Yes,68,Low
DTE1477,Student_1477,Engineering_Govt,Electronics,5,2023,17,Urban,420650,4,Regular,Yes,OBC,Graduate,16,83,85,Yes,79,Low
DTE1478,Student_1478,Engineering_Govt,Civil,5,2024,15,Urban,227460,4,Regular,Yes,SC,Higher_Secondary,15,85,67,Yes,73,Low
DTE1479,Student_1479,Engineering_Govt,Computer,3,2024,17,Urban,362790,4,Regular,Yes,OBC,Secondary,9,84,79,Yes,73,Low
DTE1480,Student_1480,Engineering_Private,Civil,6,2022,18,Urban,285474,5,Regular,Yes,OBC,Graduate,3,90,90,Yes,62,Low
DTE1481,Student_1481,Engineering_Private,Computer,5,2023,16,Urban,340544,3,Regular,Yes,OBC,Secondary,5,93,88,Yes,63,Low
DTE1482,Student_1482,Engineering_Private,Electronics,6,2024,19,Urban,464479,3,Regular,Yes,SC,Higher_Secondary,20,87,90,Yes,67,Low
DTE1483,Student_1483,Engineering_Private,Civil,2,2022,16,Rural,380411,6,Regular,Yes,General,Higher_Secondary,19,86,87,No,NA,Low
DTE1484,Student_1484,Engineering_Private,Computer,5,2023,22,Rural,225975,5,Regular,Yes,SC,Higher_Secondary,2,95,84,Yes,83,Low
DTE1485,Student_1485,Engineering_Private,Automobile,1,2024,18,Urban,484993,5,Regular,No,General,Graduate,9,89,77,Yes,72,Low
DTE1486,Student_1486,Engineering_Private,Computer,3,2022,18,Rural,234005,6,Regular,Yes,ST,Secondary,10,77,89,No,NA,Low
DTE1487,Student_1487,Engineering_Private,Civil,6,2023,20,Rural,202636,4,Regular,Yes,General,Higher_Secondary,15,94,88,Yes,83,Low
DTE1488,Student_1488,Engineering_Private,Computer,4,2024,15,Urban,246332,6,Regular,Yes,OBC,Secondary,14,81,85,Yes,78,Low
DTE1489,Student_1489,Engineering_Private,Mechanical,1,2022,18,Rural,490357,4,Regular,No,ST,Higher_Secondary,16,90,88,Yes,65,Low
DTE1490,Student_1490,Engineering_Private,Automobile,5,2023,19,Urban,245362,6,Regular,No,OBC,Secondary,2,92,85,Yes,67,Low
DTE1491,Student_1491,Engineering_Private,Mechanical,4,2022,19,Urban,360257,6,Regular,Yes,OBC,Secondary,13,80,83,Yes,82,Low
DTE1492,Student_1492,Engineering_Private,Electronics,4,2023,22,Rural,249900,5,Regular,Yes,ST,Higher_Secondary,6,88,71,Yes,69,Low
DTE1493,Student_1493,Engineering_Private,Automobile,6,2022,21,Rural,165085,5,Regular,No,OBC,Graduate,16,82,76,Yes,80,Low
DTE1494,Student_1494,Engineering_Private,Civil,1,2022,22,Urban,358433,4,Regular,Yes,ST,Graduate,10,77,68,Yes,61,Low
DTE1495,Student_1495,Engineering_Private,Computer,2,2023,20,Rural,463645,3,Regular,Yes,ST,Higher_Secondary,14,86,69,No,NA,Low
DTE1496,Student_1496,Engineering_Private,Electronics,1,2024,17,Urban,327826,6,Regular,Yes,SC,Graduate,18,88,69,Yes,70,Low
DTE1497,Student_1497,Engineering_Private,Mechanical,2,2023,19,Rural,298334,5,Regular,Yes,SC,Graduate,12,88,70,Yes,75,Low
DTE1498,Student_1498,Engineering_Private,Electrical,5,2024,22,Urban,110256,6,Irregular,No,General,Primary,41,41,49,Yes,52,High
DTE1499,Student_1499,Engineering_Private,Electronics,4,2023,22,Rural,227622,3,Regular,Yes,OBC,Higher_Secondary,7,80,88,Yes,68,Low
